,Mtb Area (Âµm),ID,Acquisition ID,Compound,Concentration,Strain
773968,0.0,86.3.1.ND0002,"(3, 1)",CTRL,EC0,UNI
774118,0.0,85.3.1.ND0002,"(3, 1)",CTRL,EC0,UNI
774268,0.0,82.3.1.ND0002,"(3, 1)",CTRL,EC0,UNI
774418,0.0,79.3.1.ND0002,"(3, 1)",CTRL,EC0,UNI
774710,0.0,121.3.1.ND0002,"(3, 1)",CTRL,EC0,UNI
774860,0.0,111.3.1.ND0002,"(3, 1)",CTRL,EC0,UNI
775010,0.0,108.3.1.ND0002,"(3, 1)",CTRL,EC0,UNI
775257,0.0,98.3.1.ND0002,"(3, 1)",CTRL,EC0,UNI
775486,0.0,24.3.1.ND0002,"(3, 1)",CTRL,EC0,UNI
775636,0.0,22.3.1.ND0002,"(3, 1)",CTRL,EC0,UNI
775786,0.0,18.3.1.ND0002,"(3, 1)",CTRL,EC0,UNI
775936,0.0,15.3.1.ND0002,"(3, 1)",CTRL,EC0,UNI
776086,0.0,13.3.1.ND0002,"(3, 1)",CTRL,EC0,UNI
776404,0.0,4.3.1.ND0002,"(3, 1)",CTRL,EC0,UNI
776554,0.0,61.3.1.ND0002,"(3, 1)",CTRL,EC0,UNI
776704,0.0,60.3.1.ND0002,"(3, 1)",CTRL,EC0,UNI
776982,0.0,54.3.1.ND0002,"(3, 1)",CTRL,EC0,UNI
777318,0.0,41.3.1.ND0002,"(3, 1)",CTRL,EC0,UNI
777544,0.0,130.3.1.ND0002,"(3, 1)",CTRL,EC0,UNI
777693,0.0,132.3.1.ND0002,"(3, 1)",CTRL,EC0,UNI
777841,0.0,181.3.1.ND0002,"(3, 1)",CTRL,EC0,UNI
778065,0.0,194.3.1.ND0002,"(3, 1)",CTRL,EC0,UNI
778483,0.0,322.3.1.ND0002,"(3, 1)",CTRL,EC0,UNI
779052,0.0,580.3.1.ND0002,"(3, 1)",CTRL,EC0,UNI
779367,0.0,670.3.1.ND0002,"(3, 1)",CTRL,EC0,UNI
779479,0.0,701.3.1.ND0002,"(3, 1)",CTRL,EC0,UNI
779589,0.0,715.3.1.ND0002,"(3, 1)",CTRL,EC0,UNI
779778,0.0,834.3.1.ND0002,"(3, 1)",CTRL,EC0,UNI
779879,0.0,852.3.1.ND0002,"(3, 1)",CTRL,EC0,UNI
779977,0.0,893.3.1.ND0002,"(3, 1)",CTRL,EC0,UNI
780074,0.0,900.3.1.ND0002,"(3, 1)",CTRL,EC0,UNI
780239,0.0,1004.3.1.ND0002,"(3, 1)",CTRL,EC0,UNI
780322,0.0,1031.3.1.ND0002,"(3, 1)",CTRL,EC0,UNI
780478,0.0,1124.3.1.ND0002,"(3, 1)",CTRL,EC0,UNI
780552,0.0,1143.3.1.ND0002,"(3, 1)",CTRL,EC0,UNI
780625,0.0,1163.3.1.ND0002,"(3, 1)",CTRL,EC0,UNI
780695,0.0,1201.3.1.ND0002,"(3, 1)",CTRL,EC0,UNI
780845,0.0,93.3.2.ND0002,"(3, 2)",CTRL,EC0,UNI
780995,0.0,86.3.2.ND0002,"(3, 2)",CTRL,EC0,UNI
781278,0.0,78.3.2.ND0002,"(3, 2)",CTRL,EC0,UNI
781530,0.0,71.3.2.ND0002,"(3, 2)",CTRL,EC0,UNI
781680,0.0,65.3.2.ND0002,"(3, 2)",CTRL,EC0,UNI
782219,0.0,120.3.2.ND0002,"(3, 2)",CTRL,EC0,UNI
782488,0.0,2.3.2.ND0002,"(3, 2)",CTRL,EC0,UNI
782786,0.0,98.3.2.ND0002,"(3, 2)",CTRL,EC0,UNI
783039,0.0,31.3.2.ND0002,"(3, 2)",CTRL,EC0,UNI
783320,0.0,26.3.2.ND0002,"(3, 2)",CTRL,EC0,UNI
783470,0.0,25.3.2.ND0002,"(3, 2)",CTRL,EC0,UNI
783817,0.0,9.3.2.ND0002,"(3, 2)",CTRL,EC0,UNI
784191,0.0,60.3.2.ND0002,"(3, 2)",CTRL,EC0,UNI
784341,0.0,57.3.2.ND0002,"(3, 2)",CTRL,EC0,UNI
784491,0.0,49.3.2.ND0002,"(3, 2)",CTRL,EC0,UNI
784848,0.0,40.3.2.ND0002,"(3, 2)",CTRL,EC0,UNI
785085,0.0,45.3.2.ND0002,"(3, 2)",CTRL,EC0,UNI
785463,0.0,203.3.2.ND0002,"(3, 2)",CTRL,EC0,UNI
785839,0.0,406.3.2.ND0002,"(3, 2)",CTRL,EC0,UNI
785971,0.0,419.3.2.ND0002,"(3, 2)",CTRL,EC0,UNI
786228,0.0,454.3.2.ND0002,"(3, 2)",CTRL,EC0,UNI
786355,0.0,491.3.2.ND0002,"(3, 2)",CTRL,EC0,UNI
786907,0.0,846.3.2.ND0002,"(3, 2)",CTRL,EC0,UNI
787003,0.0,896.3.2.ND0002,"(3, 2)",CTRL,EC0,UNI
787192,0.0,906.3.2.ND0002,"(3, 2)",CTRL,EC0,UNI
787373,0.0,929.3.2.ND0002,"(3, 2)",CTRL,EC0,UNI
787460,0.0,1006.3.2.ND0002,"(3, 2)",CTRL,EC0,UNI
787624,0.0,1060.3.2.ND0002,"(3, 2)",CTRL,EC0,UNI
787699,0.0,1151.3.2.ND0002,"(3, 2)",CTRL,EC0,UNI
787773,0.0,1157.3.2.ND0002,"(3, 2)",CTRL,EC0,UNI
787845,0.0,1186.3.2.ND0002,"(3, 2)",CTRL,EC0,UNI
788209,0.0,153.3.3.ND0002,"(3, 3)",CTRL,EC0,WT
788617,4.156813948233239,190.3.3.ND0002,"(3, 3)",CTRL,EC0,WT
789124,3.017042398452759,180.3.3.ND0002,"(3, 3)",CTRL,EC0,WT
789443,55.625322135228664,45.3.3.ND0002,"(3, 3)",CTRL,EC0,WT
789709,148.0138644040255,5.3.3.ND0002,"(3, 3)",CTRL,EC0,WT
789859,0.0,6.3.3.ND0002,"(3, 3)",CTRL,EC0,WT
790182,0.0,81.3.3.ND0002,"(3, 3)",CTRL,EC0,WT
790412,75.24727184785654,93.3.3.ND0002,"(3, 3)",CTRL,EC0,WT
791051,17.185967345114843,226.3.3.ND0002,"(3, 3)",CTRL,EC0,WT
791199,64.54235850805158,305.3.3.ND0002,"(3, 3)",CTRL,EC0,WT
791742,0.0,394.3.3.ND0002,"(3, 3)",CTRL,EC0,WT
791887,12.537487230961544,426.3.3.ND0002,"(3, 3)",CTRL,EC0,WT
792877,3.888632403185933,669.3.3.ND0002,"(3, 3)",CTRL,EC0,WT
793013,0.0,675.3.3.ND0002,"(3, 3)",CTRL,EC0,WT
793301,104.65784795471106,780.3.3.ND0002,"(3, 3)",CTRL,EC0,WT
793584,154.9195391889936,805.3.3.ND0002,"(3, 3)",CTRL,EC0,WT
793713,0.11174231043637739,882.3.3.ND0002,"(3, 3)",CTRL,EC0,WT
793920,0.0,1029.3.3.ND0002,"(3, 3)",CTRL,EC0,WT
794213,0.0,1101.3.3.ND0002,"(3, 3)",CTRL,EC0,WT
794600,9.296960228306599,1311.3.3.ND0002,"(3, 3)",CTRL,EC0,WT
794714,0.0,1304.3.3.ND0002,"(3, 3)",CTRL,EC0,WT
794898,155.90287152083374,1341.3.3.ND0002,"(3, 3)",CTRL,EC0,WT
795081,13.54316802488894,1419.3.3.ND0002,"(3, 3)",CTRL,EC0,WT
795518,9.699232545877557,1483.3.3.ND0002,"(3, 3)",CTRL,EC0,WT
795619,4.268556258669617,1601.3.3.ND0002,"(3, 3)",CTRL,EC0,WT
795718,323.9409579550581,1614.3.3.ND0002,"(3, 3)",CTRL,EC0,WT
795816,129.151762402365,1694.3.3.ND0002,"(3, 3)",CTRL,EC0,WT
795913,5.408327825120666,1711.3.3.ND0002,"(3, 3)",CTRL,EC0,WT
796095,411.6810201097016,1743.3.3.ND0002,"(3, 3)",CTRL,EC0,WT
796189,0.0,1770.3.3.ND0002,"(3, 3)",CTRL,EC0,WT
796428,1.5867408081965588,1879.3.3.ND0002,"(3, 3)",CTRL,EC0,WT
796519,61.59236151253122,1865.3.3.ND0002,"(3, 3)",CTRL,EC0,WT
796609,11.040140271114087,1894.3.3.ND0002,"(3, 3)",CTRL,EC0,WT
796698,139.3650095762499,1916.3.3.ND0002,"(3, 3)",CTRL,EC0,WT
796786,1.921967739505691,1953.3.3.ND0002,"(3, 3)",CTRL,EC0,WT
796874,33.05337542708043,1937.3.3.ND0002,"(3, 3)",CTRL,EC0,WT
797033,0.0,1971.3.3.ND0002,"(3, 3)",CTRL,EC0,WT
797116,152.2824206626951,2031.3.3.ND0002,"(3, 3)",CTRL,EC0,WT
797199,12.805668776008849,2059.3.3.ND0002,"(3, 3)",CTRL,EC0,WT
797350,0.0,2195.3.3.ND0002,"(3, 3)",CTRL,EC0,WT
797497,0.0,2236.3.3.ND0002,"(3, 3)",CTRL,EC0,WT
797645,0.0,2255.3.3.ND0002,"(3, 3)",CTRL,EC0,WT
797719,23.3317944191156,2253.3.3.ND0002,"(3, 3)",CTRL,EC0,WT
797792,0.0,2283.3.3.ND0002,"(3, 3)",CTRL,EC0,WT
797864,188.95624694791417,2314.3.3.ND0002,"(3, 3)",CTRL,EC0,WT
798004,53.5916120852866,2386.3.3.ND0002,"(3, 3)",CTRL,EC0,WT
798598,0.022348462087275478,131.3.4.ND0002,"(3, 4)",CTRL,EC0,WT
798748,117.91048597246542,200.3.4.ND0002,"(3, 4)",CTRL,EC0,WT
798898,7.464386337150009,223.3.4.ND0002,"(3, 4)",CTRL,EC0,WT
799160,100.56807708740234,183.3.4.ND0002,"(3, 4)",CTRL,EC0,WT
799581,0.0,35.3.4.ND0002,"(3, 4)",CTRL,EC0,WT
800014,0.0,6.3.4.ND0002,"(3, 4)",CTRL,EC0,WT
800336,56.65335139124333,23.3.4.ND0002,"(3, 4)",CTRL,EC0,WT
800667,0.0,63.3.4.ND0002,"(3, 4)",CTRL,EC0,WT
801211,0.0,311.3.4.ND0002,"(3, 4)",CTRL,EC0,WT
802167,60.810165339476576,824.3.4.ND0002,"(3, 4)",CTRL,EC0,WT
802301,0.0,793.3.4.ND0002,"(3, 4)",CTRL,EC0,WT
802434,12.492790306786992,852.3.4.ND0002,"(3, 4)",CTRL,EC0,WT
802790,0.0,871.3.4.ND0002,"(3, 4)",CTRL,EC0,WT
802921,25.276110620708565,919.3.4.ND0002,"(3, 4)",CTRL,EC0,WT
803158,174.36270120492327,1011.3.4.ND0002,"(3, 4)",CTRL,EC0,WT
803403,0.4916661659200605,1066.3.4.ND0002,"(3, 4)",CTRL,EC0,WT
803528,198.27555563830805,1074.3.4.ND0002,"(3, 4)",CTRL,EC0,WT
803647,35.80223626381532,1270.3.4.ND0002,"(3, 4)",CTRL,EC0,WT
803765,0.0,1295.3.4.ND0002,"(3, 4)",CTRL,EC0,WT
804296,12.269305685914237,1406.3.4.ND0002,"(3, 4)",CTRL,EC0,WT
804407,4.871964735026054,1519.3.4.ND0002,"(3, 4)",CTRL,EC0,WT
804587,1.8325738911565892,1603.3.4.ND0002,"(3, 4)",CTRL,EC0,WT
804762,2.4136339054257516,1646.3.4.ND0002,"(3, 4)",CTRL,EC0,WT
804864,121.77676991356408,1740.3.4.ND0002,"(3, 4)",CTRL,EC0,WT
804965,0.0,1754.3.4.ND0002,"(3, 4)",CTRL,EC0,WT
805160,0.0,1794.3.4.ND0002,"(3, 4)",CTRL,EC0,WT
805260,74.17454566766732,1781.3.4.ND0002,"(3, 4)",CTRL,EC0,WT
805359,5.274237052597012,1816.3.4.ND0002,"(3, 4)",CTRL,EC0,WT
805458,61.994633830102174,1807.3.4.ND0002,"(3, 4)",CTRL,EC0,WT
805557,0.0,1797.3.4.ND0002,"(3, 4)",CTRL,EC0,WT
805718,0.0,1998.3.4.ND0002,"(3, 4)",CTRL,EC0,WT
805805,0.0,2107.3.4.ND0002,"(3, 4)",CTRL,EC0,WT
805892,3.9780262515350353,2105.3.4.ND0002,"(3, 4)",CTRL,EC0,WT
805977,0.0,2142.3.4.ND0002,"(3, 4)",CTRL,EC0,WT
806141,0.0,2213.3.4.ND0002,"(3, 4)",CTRL,EC0,WT
806222,0.0,2242.3.4.ND0002,"(3, 4)",CTRL,EC0,WT
806303,49.41244967496608,2237.3.4.ND0002,"(3, 4)",CTRL,EC0,WT
806380,88.29877370682541,2341.3.4.ND0002,"(3, 4)",CTRL,EC0,WT
806457,0.0,2343.3.4.ND0002,"(3, 4)",CTRL,EC0,WT
806533,435.7056168535227,2353.3.4.ND0002,"(3, 4)",CTRL,EC0,WT
806607,0.0,2413.3.4.ND0002,"(3, 4)",CTRL,EC0,WT
806680,199.16949412179906,2438.3.4.ND0002,"(3, 4)",CTRL,EC0,WT
806750,0.0,2482.3.4.ND0002,"(3, 4)",CTRL,EC0,WT
807049,0.0,164.3.5.ND0002,"(3, 5)",PZA,EC50,WT
807272,0.0,148.3.5.ND0002,"(3, 5)",PZA,EC50,WT
807513,15.778014183044434,241.3.5.ND0002,"(3, 5)",PZA,EC50,WT
807663,0.7374992488800908,226.3.5.ND0002,"(3, 5)",PZA,EC50,WT
807813,0.0,245.3.5.ND0002,"(3, 5)",PZA,EC50,WT
807963,0.0,249.3.5.ND0002,"(3, 5)",PZA,EC50,WT
808322,0.0,207.3.5.ND0002,"(3, 5)",PZA,EC50,WT
808472,6.257569384437134,223.3.5.ND0002,"(3, 5)",PZA,EC50,WT
809048,0.0,6.3.5.ND0002,"(3, 5)",PZA,EC50,WT
809198,0.0,7.3.5.ND0002,"(3, 5)",PZA,EC50,WT
809427,5.028403969636982,20.3.5.ND0002,"(3, 5)",PZA,EC50,WT
809659,104.79193872723472,101.3.5.ND0002,"(3, 5)",PZA,EC50,WT
809914,0.0,119.3.5.ND0002,"(3, 5)",PZA,EC50,WT
810154,143.34303582778492,75.3.5.ND0002,"(3, 5)",PZA,EC50,WT
810304,0.0,82.3.5.ND0002,"(3, 5)",PZA,EC50,WT
811135,3.6651477823131784,741.3.5.ND0002,"(3, 5)",PZA,EC50,WT
811490,128.61539931227037,977.3.5.ND0002,"(3, 5)",PZA,EC50,WT
811700,58.88819759997089,975.3.5.ND0002,"(3, 5)",PZA,EC50,WT
811828,0.0,997.3.5.ND0002,"(3, 5)",PZA,EC50,WT
812229,2.8382546850839856,1102.3.5.ND0002,"(3, 5)",PZA,EC50,WT
812503,37.388977072011876,1218.3.5.ND0002,"(3, 5)",PZA,EC50,WT
812621,0.0,1284.3.5.ND0002,"(3, 5)",PZA,EC50,WT
812739,0.0,1288.3.5.ND0002,"(3, 5)",PZA,EC50,WT
812857,80.54385736254082,1269.3.5.ND0002,"(3, 5)",PZA,EC50,WT
813043,36.69617474730634,1420.3.5.ND0002,"(3, 5)",PZA,EC50,WT
813155,13.565516486976215,1451.3.5.ND0002,"(3, 5)",PZA,EC50,WT
813345,0.0,1563.3.5.ND0002,"(3, 5)",PZA,EC50,WT
813452,155.72408382413553,1571.3.5.ND0002,"(3, 5)",PZA,EC50,WT
813555,0.0,1668.3.5.ND0002,"(3, 5)",PZA,EC50,WT
813654,1.2515138768874268,1774.3.5.ND0002,"(3, 5)",PZA,EC50,WT
813746,132.63812248797996,1879.3.5.ND0002,"(3, 5)",PZA,EC50,WT
813841,0.0,1865.3.5.ND0002,"(3, 5)",PZA,EC50,WT
813928,0.0,2096.3.5.ND0002,"(3, 5)",PZA,EC50,WT
814012,39.95905021204855,2156.3.5.ND0002,"(3, 5)",PZA,EC50,WT
814242,0.0,2341.3.5.ND0002,"(3, 5)",PZA,EC50,WT
814317,142.7172788893412,2365.3.5.ND0002,"(3, 5)",PZA,EC50,WT
814391,0.0,2379.3.5.ND0002,"(3, 5)",PZA,EC50,WT
814465,0.0,2385.3.5.ND0002,"(3, 5)",PZA,EC50,WT
814615,81.63893200481732,166.3.6.ND0002,"(3, 6)",PZA,EC50,WT
814764,5.497721673469767,152.3.6.ND0002,"(3, 6)",PZA,EC50,WT
815397,0.0,137.3.6.ND0002,"(3, 6)",PZA,EC50,WT
815832,0.0,185.3.6.ND0002,"(3, 6)",PZA,EC50,WT
816058,3.9109808652732085,198.3.6.ND0002,"(3, 6)",PZA,EC50,WT
816208,20.47119140625,202.3.6.ND0002,"(3, 6)",PZA,EC50,WT
816470,48.496162729387784,44.3.6.ND0002,"(3, 6)",PZA,EC50,WT
816619,1.8549223532438646,47.3.6.ND0002,"(3, 6)",PZA,EC50,WT
816769,8.000749427244621,50.3.6.ND0002,"(3, 6)",PZA,EC50,WT
817121,0.0,16.3.6.ND0002,"(3, 6)",PZA,EC50,WT
817271,8.559460979426508,3.3.6.ND0002,"(3, 6)",PZA,EC50,WT
817558,0.0,8.3.6.ND0002,"(3, 6)",PZA,EC50,WT
817708,2.435982367513027,10.3.6.ND0002,"(3, 6)",PZA,EC50,WT
818079,0.0,97.3.6.ND0002,"(3, 6)",PZA,EC50,WT
818229,0.0,102.3.6.ND0002,"(3, 6)",PZA,EC50,WT
818514,0.0,114.3.6.ND0002,"(3, 6)",PZA,EC50,WT
818664,0.0,119.3.6.ND0002,"(3, 6)",PZA,EC50,WT
818920,9.118172531608394,87.3.6.ND0002,"(3, 6)",PZA,EC50,WT
819214,3.017042398452759,565.3.6.ND0002,"(3, 6)",PZA,EC50,WT
819354,0.0,575.3.6.ND0002,"(3, 6)",PZA,EC50,WT
819753,3.843935479011382,712.3.6.ND0002,"(3, 6)",PZA,EC50,WT
819887,14.884075750125469,734.3.6.ND0002,"(3, 6)",PZA,EC50,WT
820192,11.688245671645076,835.3.6.ND0002,"(3, 6)",PZA,EC50,WT
820393,0.46931770383278504,865.3.6.ND0002,"(3, 6)",PZA,EC50,WT
820519,0.0,944.3.6.ND0002,"(3, 6)",PZA,EC50,WT
820713,0.0,1010.3.6.ND0002,"(3, 6)",PZA,EC50,WT
821034,104.12148486461645,1160.3.6.ND0002,"(3, 6)",PZA,EC50,WT
821148,0.0,1222.3.6.ND0002,"(3, 6)",PZA,EC50,WT
821421,67.53705242774649,1450.3.6.ND0002,"(3, 6)",PZA,EC50,WT
821524,22.057932080140898,1498.3.6.ND0002,"(3, 6)",PZA,EC50,WT
821620,139.83432728008268,1679.3.6.ND0002,"(3, 6)",PZA,EC50,WT
821716,0.7374992488800908,1680.3.6.ND0002,"(3, 6)",PZA,EC50,WT
821901,158.13771772956127,1701.3.6.ND0002,"(3, 6)",PZA,EC50,WT
821995,2.391285443338476,1730.3.6.ND0002,"(3, 6)",PZA,EC50,WT
822088,118.02222828290179,1715.3.6.ND0002,"(3, 6)",PZA,EC50,WT
822181,0.0,1742.3.6.ND0002,"(3, 6)",PZA,EC50,WT
822273,60.13971147685831,1786.3.6.ND0002,"(3, 6)",PZA,EC50,WT
822365,2.234846208727548,1763.3.6.ND0002,"(3, 6)",PZA,EC50,WT
822455,0.24583308296003026,1809.3.6.ND0002,"(3, 6)",PZA,EC50,WT
822541,15.66627192318011,1891.3.6.ND0002,"(3, 6)",PZA,EC50,WT
822628,98.9813385845431,1880.3.6.ND0002,"(3, 6)",PZA,EC50,WT
822713,0.0,1921.3.6.ND0002,"(3, 6)",PZA,EC50,WT
822797,0.0,1945.3.6.ND0002,"(3, 6)",PZA,EC50,WT
822880,87.44953214750895,1998.3.6.ND0002,"(3, 6)",PZA,EC50,WT
823040,0.0,1980.3.6.ND0002,"(3, 6)",PZA,EC50,WT
823121,0.0,2035.3.6.ND0002,"(3, 6)",PZA,EC50,WT
823202,0.0,2017.3.6.ND0002,"(3, 6)",PZA,EC50,WT
823362,41.992760261990625,2066.3.6.ND0002,"(3, 6)",PZA,EC50,WT
823441,22.124977466402722,2079.3.6.ND0002,"(3, 6)",PZA,EC50,WT
823520,52.4965374430101,2070.3.6.ND0002,"(3, 6)",PZA,EC50,WT
823598,0.0,2108.3.6.ND0002,"(3, 6)",PZA,EC50,WT
823674,0.558711552181887,2167.3.6.ND0002,"(3, 6)",PZA,EC50,WT
823750,82.21999201908649,2164.3.6.ND0002,"(3, 6)",PZA,EC50,WT
823825,0.0,2182.3.6.ND0002,"(3, 6)",PZA,EC50,WT
823899,3.441663161440424,2215.3.6.ND0002,"(3, 6)",PZA,EC50,WT
823972,0.0,2241.3.6.ND0002,"(3, 6)",PZA,EC50,WT
824045,3.441663161440424,2219.3.6.ND0002,"(3, 6)",PZA,EC50,WT
824116,0.0,2283.3.6.ND0002,"(3, 6)",PZA,EC50,WT
824186,0.0,2305.3.6.ND0002,"(3, 6)",PZA,EC50,WT
824658,0.0,99.3.7.ND0002,"(3, 7)",RIF,EC50,WT
824808,0.0,103.3.7.ND0002,"(3, 7)",RIF,EC50,WT
824958,0.0,80.3.7.ND0002,"(3, 7)",RIF,EC50,WT
825291,4.492040879542371,127.3.7.ND0002,"(3, 7)",RIF,EC50,WT
825441,0.0,128.3.7.ND0002,"(3, 7)",RIF,EC50,WT
825871,0.0,117.3.7.ND0002,"(3, 7)",RIF,EC50,WT
826120,13.967788804547174,3.3.7.ND0002,"(3, 7)",RIF,EC50,WT
828081,0.0,627.3.7.ND0002,"(3, 7)",RIF,EC50,WT
828378,5.9670393773025525,719.3.7.ND0002,"(3, 7)",RIF,EC50,WT
828611,0.0,735.3.7.ND0002,"(3, 7)",RIF,EC50,WT
828799,0.0,907.3.7.ND0002,"(3, 7)",RIF,EC50,WT
828903,0.0,1040.3.7.ND0002,"(3, 7)",RIF,EC50,WT
829092,29.70110511779785,1109.3.7.ND0002,"(3, 7)",RIF,EC50,WT
829190,19.7783889472388,1143.3.7.ND0002,"(3, 7)",RIF,EC50,WT
829285,0.0,1204.3.7.ND0002,"(3, 7)",RIF,EC50,WT
829691,0.0,1541.3.7.ND0002,"(3, 7)",RIF,EC50,WT
829841,0.0,111.3.8.ND0002,"(3, 8)",RIF,EC50,WT
829991,0.0,119.3.8.ND0002,"(3, 8)",RIF,EC50,WT
830141,0.0,121.3.8.ND0002,"(3, 8)",RIF,EC50,WT
830290,0.0,123.3.8.ND0002,"(3, 8)",RIF,EC50,WT
830906,36.96435629235364,96.3.8.ND0002,"(3, 8)",RIF,EC50,WT
831321,0.0,130.3.8.ND0002,"(3, 8)",RIF,EC50,WT
831694,0.0,149.3.8.ND0002,"(3, 8)",RIF,EC50,WT
831844,6.637493239920817,31.3.8.ND0002,"(3, 8)",RIF,EC50,WT
831994,0.0,34.3.8.ND0002,"(3, 8)",RIF,EC50,WT
832455,2.7712092988221593,9.3.8.ND0002,"(3, 8)",RIF,EC50,WT
832605,340.5011683617292,11.3.8.ND0002,"(3, 8)",RIF,EC50,WT
832830,9.989762553012138,19.3.8.ND0002,"(3, 8)",RIF,EC50,WT
832980,28.985955327196294,21.3.8.ND0002,"(3, 8)",RIF,EC50,WT
833581,20.35944896150796,181.3.8.ND0002,"(3, 8)",RIF,EC50,WT
833730,6.346963232786235,192.3.8.ND0002,"(3, 8)",RIF,EC50,WT
834243,0.0,372.3.8.ND0002,"(3, 8)",RIF,EC50,WT
834379,76.69992065429688,478.3.8.ND0002,"(3, 8)",RIF,EC50,WT
834952,35.556403180855284,725.3.8.ND0002,"(3, 8)",RIF,EC50,WT
835417,0.0,866.3.8.ND0002,"(3, 8)",RIF,EC50,WT
835528,39.489732508215766,955.3.8.ND0002,"(3, 8)",RIF,EC50,WT
835638,16.33672523498535,956.3.8.ND0002,"(3, 8)",RIF,EC50,WT
835739,1.6761346565456607,1118.3.8.ND0002,"(3, 8)",RIF,EC50,WT
835837,25.611337552017698,1184.3.8.ND0002,"(3, 8)",RIF,EC50,WT
836011,0.0,1252.3.8.ND0002,"(3, 8)",RIF,EC50,WT
836103,14.213621887507204,1275.3.8.ND0002,"(3, 8)",RIF,EC50,WT
836194,47.825708866769524,1283.3.8.ND0002,"(3, 8)",RIF,EC50,WT
836284,9.364005614568425,1305.3.8.ND0002,"(3, 8)",RIF,EC50,WT
836369,0.0,1392.3.8.ND0002,"(3, 8)",RIF,EC50,WT
836451,96.56770467911734,1412.3.8.ND0002,"(3, 8)",RIF,EC50,WT
836608,0.0,1471.3.8.ND0002,"(3, 8)",RIF,EC50,WT
836684,62.039330754276726,1516.3.8.ND0002,"(3, 8)",RIF,EC50,WT
836758,76.96810342857674,1558.3.8.ND0002,"(3, 8)",RIF,EC50,WT
836828,115.89912438461063,1604.3.8.ND0002,"(3, 8)",RIF,EC50,WT
836978,0.0,115.3.9.ND0002,"(3, 9)",INH,EC50,WT
837209,0.0,127.3.9.ND0002,"(3, 9)",INH,EC50,WT
837555,0.0,93.3.9.ND0002,"(3, 9)",INH,EC50,WT
837705,7.0397655574917755,94.3.9.ND0002,"(3, 9)",INH,EC50,WT
837944,0.0,106.3.9.ND0002,"(3, 9)",INH,EC50,WT
838094,5.34128243885884,154.3.9.ND0002,"(3, 9)",INH,EC50,WT
838376,23.823460585035658,160.3.9.ND0002,"(3, 9)",INH,EC50,WT
838779,0.8492415593164682,136.3.9.ND0002,"(3, 9)",INH,EC50,WT
839363,0.0,37.3.9.ND0002,"(3, 9)",INH,EC50,WT
839655,0.0,19.3.9.ND0002,"(3, 9)",INH,EC50,WT
839891,0.0,71.3.9.ND0002,"(3, 9)",INH,EC50,WT
840041,0.0,72.3.9.ND0002,"(3, 9)",INH,EC50,WT
840191,89.55028758371284,47.3.9.ND0002,"(3, 9)",INH,EC50,WT
840592,11.576503361208697,64.3.9.ND0002,"(3, 9)",INH,EC50,WT
840898,9.900368704663038,275.3.9.ND0002,"(3, 9)",INH,EC50,WT
841114,30.215120741996447,304.3.9.ND0002,"(3, 9)",INH,EC50,WT
841488,0.0,434.3.9.ND0002,"(3, 9)",INH,EC50,WT
841626,0.0,451.3.9.ND0002,"(3, 9)",INH,EC50,WT
841763,0.0,471.3.9.ND0002,"(3, 9)",INH,EC50,WT
841975,32.42761848863672,541.3.9.ND0002,"(3, 9)",INH,EC50,WT
842297,0.0,751.3.9.ND0002,"(3, 9)",INH,EC50,WT
842507,29.54466687937818,863.3.9.ND0002,"(3, 9)",INH,EC50,WT
842696,12.023472785949707,940.3.9.ND0002,"(3, 9)",INH,EC50,WT
842806,14.347712660030856,1001.3.9.ND0002,"(3, 9)",INH,EC50,WT
843015,33.52269313091322,1074.3.9.ND0002,"(3, 9)",INH,EC50,WT
843202,0.0,1188.3.9.ND0002,"(3, 9)",INH,EC50,WT
843375,0.0,1247.3.9.ND0002,"(3, 9)",INH,EC50,WT
843470,0.0,1264.3.9.ND0002,"(3, 9)",INH,EC50,WT
843651,0.0,1374.3.9.ND0002,"(3, 9)",INH,EC50,WT
843733,0.0,1465.3.9.ND0002,"(3, 9)",INH,EC50,WT
843809,0.0,1569.3.9.ND0002,"(3, 9)",INH,EC50,WT
843885,82.15294663282465,1567.3.9.ND0002,"(3, 9)",INH,EC50,WT
843960,26.19239756628686,1588.3.9.ND0002,"(3, 9)",INH,EC50,WT
844033,43.51245568392535,1624.3.9.ND0002,"(3, 9)",INH,EC50,WT
844183,0.0,90.3.10.ND0002,"(3, 10)",INH,EC50,WT
844333,0.0,89.3.10.ND0002,"(3, 10)",INH,EC50,WT
844669,0.0,78.3.10.ND0002,"(3, 10)",INH,EC50,WT
844894,0.0,68.3.10.ND0002,"(3, 10)",INH,EC50,WT
845627,4.134465486145963,102.3.10.ND0002,"(3, 10)",INH,EC50,WT
845948,0.0,16.3.10.ND0002,"(3, 10)",INH,EC50,WT
846197,119.45252985648743,27.3.10.ND0002,"(3, 10)",INH,EC50,WT
846454,141.66690117123926,10.3.10.ND0002,"(3, 10)",INH,EC50,WT
847163,9.609838697528456,48.3.10.ND0002,"(3, 10)",INH,EC50,WT
847313,18.169299676954964,47.3.10.ND0002,"(3, 10)",INH,EC50,WT
847463,7.218553254189979,46.3.10.ND0002,"(3, 10)",INH,EC50,WT
847612,0.0,141.3.10.ND0002,"(3, 10)",INH,EC50,WT
847868,0.0,273.3.10.ND0002,"(3, 10)",INH,EC50,WT
848008,0.0,342.3.10.ND0002,"(3, 10)",INH,EC50,WT
848147,7.352644026713632,352.3.10.ND0002,"(3, 10)",INH,EC50,WT
848383,126.15706848267007,401.3.10.ND0002,"(3, 10)",INH,EC50,WT
848936,7.285598640451806,804.3.10.ND0002,"(3, 10)",INH,EC50,WT
849038,19.152632008795084,932.3.10.ND0002,"(3, 10)",INH,EC50,WT
849212,21.566265914220835,944.3.10.ND0002,"(3, 10)",INH,EC50,WT
849311,4.581434727891473,956.3.10.ND0002,"(3, 10)",INH,EC50,WT
849409,0.0,969.3.10.ND0002,"(3, 10)",INH,EC50,WT
849505,0.0,1002.3.10.ND0002,"(3, 10)",INH,EC50,WT
849598,0.0,1025.3.10.ND0002,"(3, 10)",INH,EC50,WT
849762,60.09501455268376,1141.3.10.ND0002,"(3, 10)",INH,EC50,WT
849836,0.0,1269.3.10.ND0002,"(3, 10)",INH,EC50,WT
850119,3.3299208510040463,63.3.11.ND0002,"(3, 11)",BDQ,EC50,WT
850269,0.0,50.3.11.ND0002,"(3, 11)",BDQ,EC50,WT
850655,0.0,44.3.11.ND0002,"(3, 11)",BDQ,EC50,WT
850897,0.0,80.3.11.ND0002,"(3, 11)",BDQ,EC50,WT
851133,9.743929470052109,68.3.11.ND0002,"(3, 11)",BDQ,EC50,WT
851450,39.646171742826695,15.3.11.ND0002,"(3, 11)",BDQ,EC50,WT
851600,0.0,14.3.11.ND0002,"(3, 11)",BDQ,EC50,WT
851750,0.0,6.3.11.ND0002,"(3, 11)",BDQ,EC50,WT
851900,0.0,32.3.11.ND0002,"(3, 11)",BDQ,EC50,WT
852049,24.91853522731216,84.3.11.ND0002,"(3, 11)",BDQ,EC50,WT
852197,0.0,122.3.11.ND0002,"(3, 11)",BDQ,EC50,WT
852643,3.2405270026549444,295.3.11.ND0002,"(3, 11)",BDQ,EC50,WT
852896,0.0,352.3.11.ND0002,"(3, 11)",BDQ,EC50,WT
853024,13.207941093579807,396.3.11.ND0002,"(3, 11)",BDQ,EC50,WT
853225,15.554529612743732,466.3.11.ND0002,"(3, 11)",BDQ,EC50,WT
853427,0.0,528.3.11.ND0002,"(3, 11)",BDQ,EC50,WT
853605,0.6257569384437134,761.3.11.ND0002,"(3, 11)",BDQ,EC50,WT
853697,0.0,776.3.11.ND0002,"(3, 11)",BDQ,EC50,WT
853789,11.196579505725014,774.3.11.ND0002,"(3, 11)",BDQ,EC50,WT
853952,1.6090892702838344,793.3.11.ND0002,"(3, 11)",BDQ,EC50,WT
854036,0.0,861.3.11.ND0002,"(3, 11)",BDQ,EC50,WT
854113,15.398090378132805,930.3.11.ND0002,"(3, 11)",BDQ,EC50,WT
854190,0.0,929.3.11.ND0002,"(3, 11)",BDQ,EC50,WT
854267,0.0,926.3.11.ND0002,"(3, 11)",BDQ,EC50,WT
854343,68.49803629749934,942.3.11.ND0002,"(3, 11)",BDQ,EC50,WT
854418,0.0,950.3.11.ND0002,"(3, 11)",BDQ,EC50,WT
854874,0.0,28.3.12.ND0002,"(3, 12)",BDQ,EC50,WT
855063,0.0,453.3.12.ND0002,"(3, 12)",BDQ,EC50,WT
855150,2.860603147171261,460.3.12.ND0002,"(3, 12)",BDQ,EC50,WT
855235,0.0,463.3.12.ND0002,"(3, 12)",BDQ,EC50,WT
855313,3.776890092749556,476.3.12.ND0002,"(3, 12)",BDQ,EC50,WT
855385,4.469692417455096,485.3.12.ND0002,"(3, 12)",BDQ,EC50,WT
855528,193.2918485928456,481.3.12.ND0002,"(3, 12)",BDQ,EC50,WT
855598,0.0,506.3.12.ND0002,"(3, 12)",BDQ,EC50,WT
855668,0.0,512.3.12.ND0002,"(3, 12)",BDQ,EC50,WT
855738,0.0,510.3.12.ND0002,"(3, 12)",BDQ,EC50,WT
855808,1.8325738911565892,509.3.12.ND0002,"(3, 12)",BDQ,EC50,WT
855878,0.0,508.3.12.ND0002,"(3, 12)",BDQ,EC50,WT
855948,4.335601329803467,507.3.12.ND0002,"(3, 12)",BDQ,EC50,WT
856018,81.50484123229367,504.3.12.ND0002,"(3, 12)",BDQ,EC50,WT
856088,0.0,503.3.12.ND0002,"(3, 12)",BDQ,EC50,WT
856158,0.0,498.3.12.ND0002,"(3, 12)",BDQ,EC50,WT
856228,0.0,497.3.12.ND0002,"(3, 12)",BDQ,EC50,WT
856298,0.0,495.3.12.ND0002,"(3, 12)",BDQ,EC50,WT
856368,1.542043884022008,494.3.12.ND0002,"(3, 12)",BDQ,EC50,WT
856438,0.0,492.3.12.ND0002,"(3, 12)",BDQ,EC50,WT
856508,3.2405270026549444,491.3.12.ND0002,"(3, 12)",BDQ,EC50,WT
856578,0.0,490.3.12.ND0002,"(3, 12)",BDQ,EC50,WT
856648,23.220052108679223,489.3.12.ND0002,"(3, 12)",BDQ,EC50,WT
856718,0.0,500.3.12.ND0002,"(3, 12)",BDQ,EC50,WT
857166,29.924590734861866,45.4.3.ND0002,"(4, 3)",CTRL,EC0,WT
857426,59.022288372494536,58.4.3.ND0002,"(4, 3)",CTRL,EC0,WT
857775,19.398465091755114,63.4.3.ND0002,"(4, 3)",CTRL,EC0,WT
858234,6.682190164095368,106.4.3.ND0002,"(4, 3)",CTRL,EC0,WT
858479,0.0,115.4.3.ND0002,"(4, 3)",CTRL,EC0,WT
858629,6.145827074000756,121.4.3.ND0002,"(4, 3)",CTRL,EC0,WT
859191,0.0,515.4.3.ND0002,"(4, 3)",CTRL,EC0,WT
859467,96.99232545877557,562.4.3.ND0002,"(4, 3)",CTRL,EC0,WT
859607,0.0,632.4.3.ND0002,"(4, 3)",CTRL,EC0,WT
859901,57.234411405512496,717.4.3.ND0002,"(4, 3)",CTRL,EC0,WT
860225,0.0,852.4.3.ND0002,"(4, 3)",CTRL,EC0,WT
860602,90.48892299137842,895.4.3.ND0002,"(4, 3)",CTRL,EC0,WT
860926,154.42787302307354,1007.4.3.ND0002,"(4, 3)",CTRL,EC0,WT
861052,12.60453261722337,1045.4.3.ND0002,"(4, 3)",CTRL,EC0,WT
861175,28.941258403021745,1139.4.3.ND0002,"(4, 3)",CTRL,EC0,WT
861463,31.265498460098392,1253.4.3.ND0002,"(4, 3)",CTRL,EC0,WT
861849,20.56058512029344,1375.4.3.ND0002,"(4, 3)",CTRL,EC0,WT
861962,0.0,1436.4.3.ND0002,"(4, 3)",CTRL,EC0,WT
862073,0.0,1508.4.3.ND0002,"(4, 3)",CTRL,EC0,WT
862384,0.0,1685.4.3.ND0002,"(4, 3)",CTRL,EC0,WT
862560,26.8851998909924,1731.4.3.ND0002,"(4, 3)",CTRL,EC0,WT
862660,14.012485728721725,1799.4.3.ND0002,"(4, 3)",CTRL,EC0,WT
862757,0.0,1868.4.3.ND0002,"(4, 3)",CTRL,EC0,WT
862931,4.179162410320514,1901.4.3.ND0002,"(4, 3)",CTRL,EC0,WT
863024,0.0,1997.4.3.ND0002,"(4, 3)",CTRL,EC0,WT
863117,20.873463589515296,2004.4.3.ND0002,"(4, 3)",CTRL,EC0,WT
863210,50.52987277932986,2007.4.3.ND0002,"(4, 3)",CTRL,EC0,WT
863300,4.737873962502402,2065.4.3.ND0002,"(4, 3)",CTRL,EC0,WT
863471,16.336725785798375,2067.4.3.ND0002,"(4, 3)",CTRL,EC0,WT
863558,11.598851823295973,2158.4.3.ND0002,"(4, 3)",CTRL,EC0,WT
863645,0.0,2138.4.3.ND0002,"(4, 3)",CTRL,EC0,WT
863732,0.0,2142.4.3.ND0002,"(4, 3)",CTRL,EC0,WT
863893,0.0,2170.4.3.ND0002,"(4, 3)",CTRL,EC0,WT
863977,9.945065628837588,2213.4.3.ND0002,"(4, 3)",CTRL,EC0,WT
864061,27.712092988221592,2208.4.3.ND0002,"(4, 3)",CTRL,EC0,WT
864145,18.169299676954964,2211.4.3.ND0002,"(4, 3)",CTRL,EC0,WT
864226,0.0,2297.4.3.ND0002,"(4, 3)",CTRL,EC0,WT
864306,0.0,2303.4.3.ND0002,"(4, 3)",CTRL,EC0,WT
864386,0.0,2305.4.3.ND0002,"(4, 3)",CTRL,EC0,WT
864464,177.55853128340368,2364.4.3.ND0002,"(4, 3)",CTRL,EC0,WT
864609,52.6753251397083,2557.4.3.ND0002,"(4, 3)",CTRL,EC0,WT
864680,0.0,2550.4.3.ND0002,"(4, 3)",CTRL,EC0,WT
864750,37.59011323079736,2563.4.3.ND0002,"(4, 3)",CTRL,EC0,WT
864900,27.667396064047043,198.4.4.ND0002,"(4, 4)",CTRL,EC0,WT
865249,0.0,163.4.4.ND0002,"(4, 4)",CTRL,EC0,WT
865642,58.39653143405082,220.4.4.ND0002,"(4, 4)",CTRL,EC0,WT
866000,0.0,54.4.4.ND0002,"(4, 4)",CTRL,EC0,WT
866460,55.8711552181887,129.4.4.ND0002,"(4, 4)",CTRL,EC0,WT
866680,411.07761163334516,78.4.4.ND0002,"(4, 4)",CTRL,EC0,WT
866962,6.883326322880848,84.4.4.ND0002,"(4, 4)",CTRL,EC0,WT
867702,0.0,490.4.4.ND0002,"(4, 4)",CTRL,EC0,WT
867911,9.051127145346568,738.4.4.ND0002,"(4, 4)",CTRL,EC0,WT
868591,23.197703646591947,1164.4.4.ND0002,"(4, 4)",CTRL,EC0,WT
868711,7.821961730546417,1243.4.4.ND0002,"(4, 4)",CTRL,EC0,WT
868832,0.0,1249.4.4.ND0002,"(4, 4)",CTRL,EC0,WT
868953,3.642799320225903,1223.4.4.ND0002,"(4, 4)",CTRL,EC0,WT
869074,19.71134356097697,1231.4.4.ND0002,"(4, 4)",CTRL,EC0,WT
869361,18.415132759914993,1303.4.4.ND0002,"(4, 4)",CTRL,EC0,WT
869658,447.1927263663823,1369.4.4.ND0002,"(4, 4)",CTRL,EC0,WT
869773,0.0,1399.4.4.ND0002,"(4, 4)",CTRL,EC0,WT
869985,0.0,1467.4.4.ND0002,"(4, 4)",CTRL,EC0,WT
870099,72.14083561772524,1459.4.4.ND0002,"(4, 4)",CTRL,EC0,WT
870212,0.0,1480.4.4.ND0002,"(4, 4)",CTRL,EC0,WT
870499,0.0,1636.4.4.ND0002,"(4, 4)",CTRL,EC0,WT
870672,2.368936981251201,1770.4.4.ND0002,"(4, 4)",CTRL,EC0,WT
870859,7.911355578895519,1850.4.4.ND0002,"(4, 4)",CTRL,EC0,WT
871201,11.71059413373235,2015.4.4.ND0002,"(4, 4)",CTRL,EC0,WT
871292,0.0,2075.4.4.ND0002,"(4, 4)",CTRL,EC0,WT
871459,203.21456575959593,2216.4.4.ND0002,"(4, 4)",CTRL,EC0,WT
871685,9.58749023544118,2305.4.4.ND0002,"(4, 4)",CTRL,EC0,WT
871766,0.0,2353.4.4.ND0002,"(4, 4)",CTRL,EC0,WT
871847,5.050752431724258,2339.4.4.ND0002,"(4, 4)",CTRL,EC0,WT
872075,36.47269012643358,2440.4.4.ND0002,"(4, 4)",CTRL,EC0,WT
872147,12.045821065041483,2559.4.4.ND0002,"(4, 4)",CTRL,EC0,WT
872218,44.3840457053291,2551.4.4.ND0002,"(4, 4)",CTRL,EC0,WT
872289,5.028403969636982,2578.4.4.ND0002,"(4, 4)",CTRL,EC0,WT
872359,0.0,2607.4.4.ND0002,"(4, 4)",CTRL,EC0,WT
872509,0.0,160.4.5.ND0002,"(4, 5)",PZA,EC99,WT
872866,0.0,124.4.5.ND0002,"(4, 5)",PZA,EC99,WT
873016,25.20906523444674,126.4.5.ND0002,"(4, 5)",PZA,EC99,WT
873564,2.4583308296003024,227.4.5.ND0002,"(4, 5)",PZA,EC99,WT
873714,1.542043884022008,238.4.5.ND0002,"(4, 5)",PZA,EC99,WT
874126,0.0,84.4.5.ND0002,"(4, 5)",PZA,EC99,WT
875010,60.229105325207414,701.4.5.ND0002,"(4, 5)",PZA,EC99,WT
875394,31.04201383922564,918.4.5.ND0002,"(4, 5)",PZA,EC99,WT
875520,0.0,969.4.5.ND0002,"(4, 5)",PZA,EC99,WT
876078,0.0,1069.4.5.ND0002,"(4, 5)",PZA,EC99,WT
876343,0.0,1377.4.5.ND0002,"(4, 5)",PZA,EC99,WT
876617,2.480679291687578,1488.4.5.ND0002,"(4, 5)",PZA,EC99,WT
876824,0.0,1498.4.5.ND0002,"(4, 5)",PZA,EC99,WT
876930,0.0,1581.4.5.ND0002,"(4, 5)",PZA,EC99,WT
877277,42.43972950373613,1733.4.5.ND0002,"(4, 5)",PZA,EC99,WT
877374,0.0,1783.4.5.ND0002,"(4, 5)",PZA,EC99,WT
877553,0.0,1808.4.5.ND0002,"(4, 5)",PZA,EC99,WT
877719,7.374992488800908,1897.4.5.ND0002,"(4, 5)",PZA,EC99,WT
878186,1.5196954219347325,2218.4.5.ND0002,"(4, 5)",PZA,EC99,WT
878340,0.0,2282.4.5.ND0002,"(4, 5)",PZA,EC99,WT
878410,0.0,2455.4.5.ND0002,"(4, 5)",PZA,EC99,WT
878959,3.1511331543058425,32.4.6.ND0002,"(4, 6)",PZA,EC99,WT
879109,115.76503361208698,105.4.6.ND0002,"(4, 6)",PZA,EC99,WT
879258,1.921967739505691,319.4.6.ND0002,"(4, 6)",PZA,EC99,WT
879722,2.3242400570766497,447.4.6.ND0002,"(4, 6)",PZA,EC99,WT
879983,0.0,499.4.6.ND0002,"(4, 6)",PZA,EC99,WT
880125,0.0,619.4.6.ND0002,"(4, 6)",PZA,EC99,WT
880464,0.0,672.4.6.ND0002,"(4, 6)",PZA,EC99,WT
880603,0.0,742.4.6.ND0002,"(4, 6)",PZA,EC99,WT
880739,0.0,865.4.6.ND0002,"(4, 6)",PZA,EC99,WT
880872,0.0,910.4.6.ND0002,"(4, 6)",PZA,EC99,WT
881077,0.0,1101.4.6.ND0002,"(4, 6)",PZA,EC99,WT
881206,1.9443162015929665,1132.4.6.ND0002,"(4, 6)",PZA,EC99,WT
881551,0.0,1390.4.6.ND0002,"(4, 6)",PZA,EC99,WT
881666,0.0,1579.4.6.ND0002,"(4, 6)",PZA,EC99,WT
881780,93.99763153908066,1598.4.6.ND0002,"(4, 6)",PZA,EC99,WT
881893,35.221176249546154,1585.4.6.ND0002,"(4, 6)",PZA,EC99,WT
882078,20.001873568111552,1662.4.6.ND0002,"(4, 6)",PZA,EC99,WT
882367,2.234846208727548,1911.4.6.ND0002,"(4, 6)",PZA,EC99,WT
883016,33.03102696499316,2495.4.6.ND0002,"(4, 6)",PZA,EC99,WT
883099,15.2193026814346,2508.4.6.ND0002,"(4, 6)",PZA,EC99,WT
883179,0.0,2614.4.6.ND0002,"(4, 6)",PZA,EC99,WT
883259,14.548848818816337,2603.4.6.ND0002,"(4, 6)",PZA,EC99,WT
883336,54.9548682726104,2678.4.6.ND0002,"(4, 6)",PZA,EC99,WT
883412,0.0,2713.4.6.ND0002,"(4, 6)",PZA,EC99,WT
883486,0.0,2739.4.6.ND0002,"(4, 6)",PZA,EC99,WT
883629,0.0,2758.4.6.ND0002,"(4, 6)",PZA,EC99,WT
883929,0.0,164.4.7.ND0002,"(4, 7)",RIF,EC99,WT
884355,0.0,214.4.7.ND0002,"(4, 7)",RIF,EC99,WT
885325,0.0,128.4.7.ND0002,"(4, 7)",RIF,EC99,WT
885551,0.0,80.4.7.ND0002,"(4, 7)",RIF,EC99,WT
885986,46.52949806570754,825.4.7.ND0002,"(4, 7)",RIF,EC99,WT
886345,3.1064362301312913,1333.4.7.ND0002,"(4, 7)",RIF,EC99,WT
886467,0.0,1313.4.7.ND0002,"(4, 7)",RIF,EC99,WT
886958,0.0,1640.4.7.ND0002,"(4, 7)",RIF,EC99,WT
887069,1.5867408081965588,1668.4.7.ND0002,"(4, 7)",RIF,EC99,WT
887175,3.039390843869465,1855.4.7.ND0002,"(4, 7)",RIF,EC99,WT
887592,49.83707045462432,2189.4.7.ND0002,"(4, 7)",RIF,EC99,WT
887769,2.6818154504730574,2193.4.7.ND0002,"(4, 7)",RIF,EC99,WT
887936,1.720831580720212,2379.4.7.ND0002,"(4, 7)",RIF,EC99,WT
888020,1.5867408081965588,2572.4.7.ND0002,"(4, 7)",RIF,EC99,WT
888174,0.0,2622.4.7.ND0002,"(4, 7)",RIF,EC99,WT
888408,2.4583308296003024,2787.4.7.ND0002,"(4, 7)",RIF,EC99,WT
888482,0.0,2864.4.7.ND0002,"(4, 7)",RIF,EC99,WT
888557,4.536737803716922,2874.4.7.ND0002,"(4, 7)",RIF,EC99,WT
888628,0.0,3004.4.7.ND0002,"(4, 7)",RIF,EC99,WT
888778,5.855297066866175,159.4.8.ND0002,"(4, 8)",RIF,EC99,WT
889547,0.0,127.4.8.ND0002,"(4, 8)",RIF,EC99,WT
889954,0.0,217.4.8.ND0002,"(4, 8)",RIF,EC99,WT
890360,0.0,181.4.8.ND0002,"(4, 8)",RIF,EC99,WT
890510,8.157188415527344,190.4.8.ND0002,"(4, 8)",RIF,EC99,WT
890660,4.961358583375156,193.4.8.ND0002,"(4, 8)",RIF,EC99,WT
890810,3.128784692218567,29.4.8.ND0002,"(4, 8)",RIF,EC99,WT
891164,43.60184953227446,6.4.8.ND0002,"(4, 8)",RIF,EC99,WT
891696,0.0,107.4.8.ND0002,"(4, 8)",RIF,EC99,WT
892459,0.0,792.4.8.ND0002,"(4, 8)",RIF,EC99,WT
892676,12.917411086445226,1036.4.8.ND0002,"(4, 8)",RIF,EC99,WT
892788,17.476497352249424,1322.4.8.ND0002,"(4, 8)",RIF,EC99,WT
892896,6.101130149826205,1453.4.8.ND0002,"(4, 8)",RIF,EC99,WT
893141,3.3075723889167707,1642.4.8.ND0002,"(4, 8)",RIF,EC99,WT
893239,13.766652645761695,1686.4.8.ND0002,"(4, 8)",RIF,EC99,WT
893334,19.599601250540594,1753.4.8.ND0002,"(4, 8)",RIF,EC99,WT
893499,0.0,1789.4.8.ND0002,"(4, 8)",RIF,EC99,WT
893592,0.0,1818.4.8.ND0002,"(4, 8)",RIF,EC99,WT
893762,0.0,1806.4.8.ND0002,"(4, 8)",RIF,EC99,WT
893854,55.67001724243164,1850.4.8.ND0002,"(4, 8)",RIF,EC99,WT
893944,59.08933375875636,1882.4.8.ND0002,"(4, 8)",RIF,EC99,WT
894177,0.0,2034.4.8.ND0002,"(4, 8)",RIF,EC99,WT
894421,55.53592828687956,2125.4.8.ND0002,"(4, 8)",RIF,EC99,WT
894497,14.995818060561845,2224.4.8.ND0002,"(4, 8)",RIF,EC99,WT
894645,21.879144383442693,190.4.9.ND0002,"(4, 9)",INH,EC99,WT
894795,36.38329627808448,200.4.9.ND0002,"(4, 9)",INH,EC99,WT
895558,15.733317375183105,249.4.9.ND0002,"(4, 9)",INH,EC99,WT
895708,0.0,244.4.9.ND0002,"(4, 9)",INH,EC99,WT
895992,4.045071637796862,239.4.9.ND0002,"(4, 9)",INH,EC99,WT
896142,100.14345861308142,50.4.9.ND0002,"(4, 9)",INH,EC99,WT
896394,0.0,5.4.9.ND0002,"(4, 9)",INH,EC99,WT
896681,11.39771556854248,20.4.9.ND0002,"(4, 9)",INH,EC99,WT
897124,0.0,109.4.9.ND0002,"(4, 9)",INH,EC99,WT
897556,0.0,375.4.9.ND0002,"(4, 9)",INH,EC99,WT
898477,0.0,942.4.9.ND0002,"(4, 9)",INH,EC99,WT
898926,2.234846208727548,1281.4.9.ND0002,"(4, 9)",INH,EC99,WT
899186,0.0,1569.4.9.ND0002,"(4, 9)",INH,EC99,WT
899298,0.0,1726.4.9.ND0002,"(4, 9)",INH,EC99,WT
899574,0.9162869455782946,1971.4.9.ND0002,"(4, 9)",INH,EC99,WT
899675,0.0,2104.4.9.ND0002,"(4, 9)",INH,EC99,WT
899858,2.2795431329020985,2390.4.9.ND0002,"(4, 9)",INH,EC99,WT
900012,0.0,2716.4.9.ND0002,"(4, 9)",INH,EC99,WT
900092,5.028403969636982,2693.4.9.ND0002,"(4, 9)",INH,EC99,WT
900351,0.0,199.4.10.ND0002,"(4, 10)",INH,EC99,WT
900859,4.693177038327851,320.4.10.ND0002,"(4, 10)",INH,EC99,WT
901087,0.0,261.4.10.ND0002,"(4, 10)",INH,EC99,WT
901346,4.357950107018718,66.4.10.ND0002,"(4, 10)",INH,EC99,WT
901603,0.0,14.4.10.ND0002,"(4, 10)",INH,EC99,WT
901939,31.444286156796597,146.4.10.ND0002,"(4, 10)",INH,EC99,WT
902238,0.0,88.4.10.ND0002,"(4, 10)",INH,EC99,WT
902670,26.371185262985065,852.4.10.ND0002,"(4, 10)",INH,EC99,WT
903570,75.53780185499112,2602.4.10.ND0002,"(4, 10)",INH,EC99,WT
903651,0.0,2700.4.10.ND0002,"(4, 10)",INH,EC99,WT
903725,14.794681901776366,2911.4.10.ND0002,"(4, 10)",INH,EC99,WT
903797,7.2632501783645305,2985.4.10.ND0002,"(4, 10)",INH,EC99,WT
903869,0.0,2993.4.10.ND0002,"(4, 10)",INH,EC99,WT
904092,0.0,81.4.11.ND0002,"(4, 11)",BDQ,EC99,WT
904329,0.0,146.4.11.ND0002,"(4, 11)",BDQ,EC99,WT
904814,0.0,151.4.11.ND0002,"(4, 11)",BDQ,EC99,WT
904964,0.0,122.4.11.ND0002,"(4, 11)",BDQ,EC99,WT
905434,0.0,135.4.11.ND0002,"(4, 11)",BDQ,EC99,WT
905584,19.62194971262787,24.4.11.ND0002,"(4, 11)",BDQ,EC99,WT
905860,16.15793808910017,37.4.11.ND0002,"(4, 11)",BDQ,EC99,WT
906010,0.0,7.4.11.ND0002,"(4, 11)",BDQ,EC99,WT
906749,0.0,177.4.11.ND0002,"(4, 11)",BDQ,EC99,WT
907015,20.56058512029344,342.4.11.ND0002,"(4, 11)",BDQ,EC99,WT
907158,0.0,339.4.11.ND0002,"(4, 11)",BDQ,EC99,WT
907415,0.9162869455782946,388.4.11.ND0002,"(4, 11)",BDQ,EC99,WT
908493,0.0,1010.4.11.ND0002,"(4, 11)",BDQ,EC99,WT
908591,6.883326322880848,1015.4.11.ND0002,"(4, 11)",BDQ,EC99,WT
908777,0.0,1122.4.11.ND0002,"(4, 11)",BDQ,EC99,WT
908858,0.0,1240.4.11.ND0002,"(4, 11)",BDQ,EC99,WT
908935,0.0,1293.4.11.ND0002,"(4, 11)",BDQ,EC99,WT
909012,1.0056807939273966,1284.4.11.ND0002,"(4, 11)",BDQ,EC99,WT
909088,1.7431800428074873,1313.4.11.ND0002,"(4, 11)",BDQ,EC99,WT
909164,0.0,1300.4.11.ND0002,"(4, 11)",BDQ,EC99,WT
909239,15.107560370998224,1340.4.11.ND0002,"(4, 11)",BDQ,EC99,WT
909384,8.782945600299263,1321.4.11.ND0002,"(4, 11)",BDQ,EC99,WT
909454,0.0,1416.4.11.ND0002,"(4, 11)",BDQ,EC99,WT
909679,0.0,76.4.12.ND0002,"(4, 12)",BDQ,EC99,WT
909829,0.46931770383278504,90.4.12.ND0002,"(4, 12)",BDQ,EC99,WT
910432,0.0,117.4.12.ND0002,"(4, 12)",BDQ,EC99,WT
910671,0.0,105.4.12.ND0002,"(4, 12)",BDQ,EC99,WT
910821,0.0,103.4.12.ND0002,"(4, 12)",BDQ,EC99,WT
911146,0.0,18.4.12.ND0002,"(4, 12)",BDQ,EC99,WT
911366,0.44696924174550956,10.4.12.ND0002,"(4, 12)",BDQ,EC99,WT
911594,6.57044785365899,31.4.12.ND0002,"(4, 12)",BDQ,EC99,WT
911744,18.43748122200227,56.4.12.ND0002,"(4, 12)",BDQ,EC99,WT
911894,3.7321931685750047,54.4.12.ND0002,"(4, 12)",BDQ,EC99,WT
912148,0.17878769669820382,262.4.12.ND0002,"(4, 12)",BDQ,EC99,WT
912476,2.1231038982911703,335.4.12.ND0002,"(4, 12)",BDQ,EC99,WT
913782,5.050752431724258,566.4.12.ND0002,"(4, 12)",BDQ,EC99,WT
914098,0.0,701.4.12.ND0002,"(4, 12)",BDQ,EC99,WT
914280,1.4526500356729062,802.4.12.ND0002,"(4, 12)",BDQ,EC99,WT
914500,0.0,1069.4.12.ND0002,"(4, 12)",BDQ,EC99,WT
914570,0.0,1099.4.12.ND0002,"(4, 12)",BDQ,EC99,WT
914827,0.0,154.5.3.ND0002,"(5, 3)",CTRL,EC0,RD1
915180,26.907548353079676,171.5.3.ND0002,"(5, 3)",CTRL,EC0,RD1
915485,0.4916661659200605,14.5.3.ND0002,"(5, 3)",CTRL,EC0,RD1
915635,78.53249577468603,5.5.3.ND0002,"(5, 3)",CTRL,EC0,RD1
915855,0.0,88.5.3.ND0002,"(5, 3)",CTRL,EC0,RD1
916708,0.0,457.5.3.ND0002,"(5, 3)",CTRL,EC0,RD1
916975,0.0,727.5.3.ND0002,"(5, 3)",CTRL,EC0,RD1
917104,8.514764055251957,901.5.3.ND0002,"(5, 3)",CTRL,EC0,RD1
917420,78.77832885764606,1043.5.3.ND0002,"(5, 3)",CTRL,EC0,RD1
917609,7.553780185499112,1299.5.3.ND0002,"(5, 3)",CTRL,EC0,RD1
917721,0.0,1312.5.3.ND0002,"(5, 3)",CTRL,EC0,RD1
918058,0.0,1788.5.3.ND0002,"(5, 3)",CTRL,EC0,RD1
918356,65.07872159814619,1842.5.3.ND0002,"(5, 3)",CTRL,EC0,RD1
918442,0.0,1850.5.3.ND0002,"(5, 3)",CTRL,EC0,RD1
918527,8.201885223388672,1852.5.3.ND0002,"(5, 3)",CTRL,EC0,RD1
918681,0.0,2074.5.3.ND0002,"(5, 3)",CTRL,EC0,RD1
919013,3.441663161440424,107.5.4.ND0002,"(5, 4)",CTRL,EC0,RD1
919642,13.789000511169434,47.5.4.ND0002,"(5, 4)",CTRL,EC0,RD1
919792,0.0,12.5.4.ND0002,"(5, 4)",CTRL,EC0,RD1
920221,0.0,54.5.4.ND0002,"(5, 4)",CTRL,EC0,RD1
920563,0.0,339.5.4.ND0002,"(5, 4)",CTRL,EC0,RD1
920704,0.0,482.5.4.ND0002,"(5, 4)",CTRL,EC0,RD1
920968,142.56083965473027,617.5.4.ND0002,"(5, 4)",CTRL,EC0,RD1
921754,0.0,1228.5.4.ND0002,"(5, 4)",CTRL,EC0,RD1
922372,37.6348101549719,1632.5.4.ND0002,"(5, 4)",CTRL,EC0,RD1
922465,4.782570838928223,1620.5.4.ND0002,"(5, 4)",CTRL,EC0,RD1
922557,24.6056567580903,1657.5.4.ND0002,"(5, 4)",CTRL,EC0,RD1
922707,4.380298569105994,1891.5.4.ND0002,"(5, 4)",CTRL,EC0,RD1
922785,0.0,1919.5.4.ND0002,"(5, 4)",CTRL,EC0,RD1
922862,0.0,1958.5.4.ND0002,"(5, 4)",CTRL,EC0,RD1
922938,2.949996995520363,1973.5.4.ND0002,"(5, 4)",CTRL,EC0,RD1
923012,9.453399462917528,2003.5.4.ND0002,"(5, 4)",CTRL,EC0,RD1
923323,1.720831580720212,212.5.5.ND0002,"(5, 5)",PZA,EC50,RD1
923577,0.0,206.5.5.ND0002,"(5, 5)",PZA,EC50,RD1
923727,5.497721673469767,32.5.5.ND0002,"(5, 5)",PZA,EC50,RD1
923877,0.6704538626182643,9.5.5.ND0002,"(5, 5)",PZA,EC50,RD1
924355,11.308321816161392,256.5.5.ND0002,"(5, 5)",PZA,EC50,RD1
924504,0.0,266.5.5.ND0002,"(5, 5)",PZA,EC50,RD1
924866,0.0,660.5.5.ND0002,"(5, 5)",PZA,EC50,RD1
925082,0.0,682.5.5.ND0002,"(5, 5)",PZA,EC50,RD1
925504,9.431051000830251,1122.5.5.ND0002,"(5, 5)",PZA,EC50,RD1
925691,526.8202967833448,1529.5.5.ND0002,"(5, 5)",PZA,EC50,RD1
926035,9.78862639422666,1843.5.5.ND0002,"(5, 5)",PZA,EC50,RD1
926129,0.0,1861.5.5.ND0002,"(5, 5)",PZA,EC50,RD1
926293,0.0,2091.5.5.ND0002,"(5, 5)",PZA,EC50,RD1
926376,7.732567882197316,2125.5.5.ND0002,"(5, 5)",PZA,EC50,RD1
926524,19.46551047801694,2236.5.5.ND0002,"(5, 5)",PZA,EC50,RD1
926598,0.0,2324.5.5.ND0002,"(5, 5)",PZA,EC50,RD1
926672,70.174170954045,2311.5.5.ND0002,"(5, 5)",PZA,EC50,RD1
926745,5.408327825120666,2337.5.5.ND0002,"(5, 5)",PZA,EC50,RD1
926815,16.493165020409304,2415.5.5.ND0002,"(5, 5)",PZA,EC50,RD1
926964,0.0,100.5.6.ND0002,"(5, 6)",PZA,EC50,RD1
927114,15.509832688569182,117.5.6.ND0002,"(5, 6)",PZA,EC50,RD1
927264,0.0,80.5.6.ND0002,"(5, 6)",PZA,EC50,RD1
927414,0.0,86.5.6.ND0002,"(5, 6)",PZA,EC50,RD1
927564,0.0,93.5.6.ND0002,"(5, 6)",PZA,EC50,RD1
927714,0.0,97.5.6.ND0002,"(5, 6)",PZA,EC50,RD1
927864,0.0,147.5.6.ND0002,"(5, 6)",PZA,EC50,RD1
928140,0.0,145.5.6.ND0002,"(5, 6)",PZA,EC50,RD1
928290,0.0,149.5.6.ND0002,"(5, 6)",PZA,EC50,RD1
928654,0.0,26.5.6.ND0002,"(5, 6)",PZA,EC50,RD1
929053,0.0,45.5.6.ND0002,"(5, 6)",PZA,EC50,RD1
929426,0.0,378.5.6.ND0002,"(5, 6)",PZA,EC50,RD1
929635,0.0,565.5.6.ND0002,"(5, 6)",PZA,EC50,RD1
930074,23.532930577901077,702.5.6.ND0002,"(5, 6)",PZA,EC50,RD1
930199,0.0,723.5.6.ND0002,"(5, 6)",PZA,EC50,RD1
930315,0.0,903.5.6.ND0002,"(5, 6)",PZA,EC50,RD1
930431,0.0,894.5.6.ND0002,"(5, 6)",PZA,EC50,RD1
930547,15.263999605609152,888.5.6.ND0002,"(5, 6)",PZA,EC50,RD1
930742,0.0,974.5.6.ND0002,"(5, 6)",PZA,EC50,RD1
930847,53.03290053310471,1086.5.6.ND0002,"(5, 6)",PZA,EC50,RD1
931046,2.9723454576076387,1178.5.6.ND0002,"(5, 6)",PZA,EC50,RD1
931141,22.03558361805362,1239.5.6.ND0002,"(5, 6)",PZA,EC50,RD1
931224,0.0,1421.5.6.ND0002,"(5, 6)",PZA,EC50,RD1
931300,71.11280636171057,1528.5.6.ND0002,"(5, 6)",PZA,EC50,RD1
931374,0.0,1570.5.6.ND0002,"(5, 6)",PZA,EC50,RD1
931524,0.0,21.5.7.ND0002,"(5, 7)",RIF,EC50,RD1
931773,0.0,12.5.7.ND0002,"(5, 7)",RIF,EC50,RD1
931923,0.0,15.5.7.ND0002,"(5, 7)",RIF,EC50,RD1
932144,0.0,19.5.7.ND0002,"(5, 7)",RIF,EC50,RD1
932294,0.0,62.5.7.ND0002,"(5, 7)",RIF,EC50,RD1
932444,2.190149284552997,63.5.7.ND0002,"(5, 7)",RIF,EC50,RD1
933300,0.2011361587854793,604.5.7.ND0002,"(5, 7)",RIF,EC50,RD1
933619,0.0,989.5.7.ND0002,"(5, 7)",RIF,EC50,RD1
933735,0.0,1058.5.7.ND0002,"(5, 7)",RIF,EC50,RD1
933839,59.82683300763645,1312.5.7.ND0002,"(5, 7)",RIF,EC50,RD1
934011,4.916661659200605,1333.5.7.ND0002,"(5, 7)",RIF,EC50,RD1
934112,0.0,1390.5.7.ND0002,"(5, 7)",RIF,EC50,RD1
934361,50.10525199967162,1504.5.7.ND0002,"(5, 7)",RIF,EC50,RD1
934447,0.0,1688.5.7.ND0002,"(5, 7)",RIF,EC50,RD1
934529,95.27149387805537,1768.5.7.ND0002,"(5, 7)",RIF,EC50,RD1
934611,0.0,1766.5.7.ND0002,"(5, 7)",RIF,EC50,RD1
934765,0.0,1855.5.7.ND0002,"(5, 7)",RIF,EC50,RD1
934841,24.67270214435213,1885.5.7.ND0002,"(5, 7)",RIF,EC50,RD1
934917,0.0,1869.5.7.ND0002,"(5, 7)",RIF,EC50,RD1
934992,29.00830378928357,1897.5.7.ND0002,"(5, 7)",RIF,EC50,RD1
935142,23.532930374145508,122.5.8.ND0002,"(5, 8)",RIF,EC50,RD1
935646,71.3586394446706,137.5.8.ND0002,"(5, 8)",RIF,EC50,RD1
935898,0.0,101.5.8.ND0002,"(5, 8)",RIF,EC50,RD1
936048,0.0,171.5.8.ND0002,"(5, 8)",RIF,EC50,RD1
936563,0.0,161.5.8.ND0002,"(5, 8)",RIF,EC50,RD1
936846,2.0784069741166196,23.5.8.ND0002,"(5, 8)",RIF,EC50,RD1
937221,0.0,49.5.8.ND0002,"(5, 8)",RIF,EC50,RD1
937370,0.0,243.5.8.ND0002,"(5, 8)",RIF,EC50,RD1
938014,0.0,710.5.8.ND0002,"(5, 8)",RIF,EC50,RD1
938459,0.0,901.5.8.ND0002,"(5, 8)",RIF,EC50,RD1
938580,9.252263304132049,1031.5.8.ND0002,"(5, 8)",RIF,EC50,RD1
938683,41.52344255815784,1411.5.8.ND0002,"(5, 8)",RIF,EC50,RD1
938861,4.492040879542371,1692.5.8.ND0002,"(5, 8)",RIF,EC50,RD1
939021,0.0,1756.5.8.ND0002,"(5, 8)",RIF,EC50,RD1
939106,0.0,1780.5.8.ND0002,"(5, 8)",RIF,EC50,RD1
939178,12.470441844699717,2023.5.8.ND0002,"(5, 8)",RIF,EC50,RD1
939328,10.97309488485226,84.5.9.ND0002,"(5, 9)",INH,EC50,RD1
939817,44.875709533691406,1.5.9.ND0002,"(5, 9)",INH,EC50,RD1
940039,0.0,31.5.9.ND0002,"(5, 9)",INH,EC50,RD1
940599,0.0,162.5.9.ND0002,"(5, 9)",INH,EC50,RD1
940893,71.33629098258332,241.5.9.ND0002,"(5, 9)",INH,EC50,RD1
941317,0.0,528.5.9.ND0002,"(5, 9)",INH,EC50,RD1
942392,2.8829516092585368,1234.5.9.ND0002,"(5, 9)",INH,EC50,RD1
942571,0.0,1347.5.9.ND0002,"(5, 9)",INH,EC50,RD1
942730,2.435982367513027,1390.5.9.ND0002,"(5, 9)",INH,EC50,RD1
942815,156.46158307301562,1407.5.9.ND0002,"(5, 9)",INH,EC50,RD1
942980,0.0,1440.5.9.ND0002,"(5, 9)",INH,EC50,RD1
943134,125.2184330750045,1532.5.9.ND0002,"(5, 9)",INH,EC50,RD1
943212,0.0,1543.5.9.ND0002,"(5, 9)",INH,EC50,RD1
943289,0.0,1561.5.9.ND0002,"(5, 9)",INH,EC50,RD1
943365,0.0,1567.5.9.ND0002,"(5, 9)",INH,EC50,RD1
943438,12.984456062316895,1610.5.9.ND0002,"(5, 9)",INH,EC50,RD1
943510,0.0,1633.5.9.ND0002,"(5, 9)",INH,EC50,RD1
943660,14.973469598474571,100.5.10.ND0002,"(5, 10)",INH,EC50,RD1
944118,0.0,142.5.10.ND0002,"(5, 10)",INH,EC50,RD1
944514,0.0,148.5.10.ND0002,"(5, 10)",INH,EC50,RD1
944664,23.063612874068294,123.5.10.ND0002,"(5, 10)",INH,EC50,RD1
944814,0.0,14.5.10.ND0002,"(5, 10)",INH,EC50,RD1
945335,0.0,41.5.10.ND0002,"(5, 10)",INH,EC50,RD1
946304,0.0,958.5.10.ND0002,"(5, 10)",INH,EC50,RD1
946802,0.0,1463.5.10.ND0002,"(5, 10)",INH,EC50,RD1
946991,0.0,1505.5.10.ND0002,"(5, 10)",INH,EC50,RD1
947222,0.0,1727.5.10.ND0002,"(5, 10)",INH,EC50,RD1
947306,0.0,1739.5.10.ND0002,"(5, 10)",INH,EC50,RD1
947385,3.039390802383423,1838.5.10.ND0002,"(5, 10)",INH,EC50,RD1
947532,6.8162809366190205,1944.5.10.ND0002,"(5, 10)",INH,EC50,RD1
947602,6.302266308611685,2007.5.10.ND0002,"(5, 10)",INH,EC50,RD1
947752,0.0,78.5.11.ND0002,"(5, 11)",BDQ,EC50,RD1
947902,0.0,91.5.11.ND0002,"(5, 11)",BDQ,EC50,RD1
948052,0.0,101.5.11.ND0002,"(5, 11)",BDQ,EC50,RD1
948202,0.0,98.5.11.ND0002,"(5, 11)",BDQ,EC50,RD1
948352,3.4863600730895996,97.5.11.ND0002,"(5, 11)",BDQ,EC50,RD1
948720,0.0,92.5.11.ND0002,"(5, 11)",BDQ,EC50,RD1
948870,0.0,89.5.11.ND0002,"(5, 11)",BDQ,EC50,RD1
949361,0.0,28.5.11.ND0002,"(5, 11)",BDQ,EC50,RD1
949785,274.64025059052835,316.5.11.ND0002,"(5, 11)",BDQ,EC50,RD1
950341,0.0,471.5.11.ND0002,"(5, 11)",BDQ,EC50,RD1
950736,0.0,683.5.11.ND0002,"(5, 11)",BDQ,EC50,RD1
950844,4.603783189978748,694.5.11.ND0002,"(5, 11)",BDQ,EC50,RD1
950946,0.0,772.5.11.ND0002,"(5, 11)",BDQ,EC50,RD1
951042,0.0,824.5.11.ND0002,"(5, 11)",BDQ,EC50,RD1
951130,0.0,929.5.11.ND0002,"(5, 11)",BDQ,EC50,RD1
951217,0.0,941.5.11.ND0002,"(5, 11)",BDQ,EC50,RD1
951303,0.8045446276664734,946.5.11.ND0002,"(5, 11)",BDQ,EC50,RD1
951388,0.0,954.5.11.ND0002,"(5, 11)",BDQ,EC50,RD1
951471,0.0,978.5.11.ND0002,"(5, 11)",BDQ,EC50,RD1
951545,0.0,1063.5.11.ND0002,"(5, 11)",BDQ,EC50,RD1
951617,0.0,1088.5.11.ND0002,"(5, 11)",BDQ,EC50,RD1
951767,0.0,86.5.12.ND0002,"(5, 12)",BDQ,EC50,RD1
951917,3.9333293437957764,85.5.12.ND0002,"(5, 12)",BDQ,EC50,RD1
952305,5.363630900946115,111.5.12.ND0002,"(5, 12)",BDQ,EC50,RD1
952539,0.0,15.5.12.ND0002,"(5, 12)",BDQ,EC50,RD1
952689,10.302641022233995,17.5.12.ND0002,"(5, 12)",BDQ,EC50,RD1
953134,1.3856046494110796,35.5.12.ND0002,"(5, 12)",BDQ,EC50,RD1
953368,14.95112133026123,41.5.12.ND0002,"(5, 12)",BDQ,EC50,RD1
953863,0.0,370.5.12.ND0002,"(5, 12)",BDQ,EC50,RD1
954183,4.335601644931443,433.5.12.ND0002,"(5, 12)",BDQ,EC50,RD1
954312,0.0,425.5.12.ND0002,"(5, 12)",BDQ,EC50,RD1
954710,0.0,604.5.12.ND0002,"(5, 12)",BDQ,EC50,RD1
955059,9.296960228306599,741.5.12.ND0002,"(5, 12)",BDQ,EC50,RD1
955236,7.084462481666327,766.5.12.ND0002,"(5, 12)",BDQ,EC50,RD1
955571,5.408327825120666,914.5.12.ND0002,"(5, 12)",BDQ,EC50,RD1
955660,0.0,985.5.12.ND0002,"(5, 12)",BDQ,EC50,RD1
955744,0.0,1040.5.12.ND0002,"(5, 12)",BDQ,EC50,RD1
955895,0.0,1085.5.12.ND0002,"(5, 12)",BDQ,EC50,RD1
956547,5.050752431724258,123.6.4.ND0002,"(6, 4)",CTRL,EC0,RD1
956795,0.0,9.6.4.ND0002,"(6, 4)",CTRL,EC0,RD1
957047,41.81397256529242,71.6.4.ND0002,"(6, 4)",CTRL,EC0,RD1
957731,0.0,651.6.4.ND0002,"(6, 4)",CTRL,EC0,RD1
957934,7.2632501783645305,886.6.4.ND0002,"(6, 4)",CTRL,EC0,RD1
958053,0.0,924.6.4.ND0002,"(6, 4)",CTRL,EC0,RD1
958279,86.91316905741434,937.6.4.ND0002,"(6, 4)",CTRL,EC0,RD1
958391,116.18965439174521,1072.6.4.ND0002,"(6, 4)",CTRL,EC0,RD1
958567,0.0,1478.6.4.ND0002,"(6, 4)",CTRL,EC0,RD1
958817,0.0,1660.6.4.ND0002,"(6, 4)",CTRL,EC0,RD1
958985,0.0,1719.6.4.ND0002,"(6, 4)",CTRL,EC0,RD1
959069,5.564767059731594,1712.6.4.ND0002,"(6, 4)",CTRL,EC0,RD1
959218,4.939010121287881,1812.6.4.ND0002,"(6, 4)",CTRL,EC0,RD1
959368,0.0,70.6.5.ND0002,"(6, 5)",PZA,EC99,RD1
959600,0.0,95.6.5.ND0002,"(6, 5)",PZA,EC99,RD1
959750,11.040140151977539,94.6.5.ND0002,"(6, 5)",PZA,EC99,RD1
960007,0.0,78.6.5.ND0002,"(6, 5)",PZA,EC99,RD1
960157,4.782570886676952,21.6.5.ND0002,"(6, 5)",PZA,EC99,RD1
960410,1.8772708153311402,40.6.5.ND0002,"(6, 5)",PZA,EC99,RD1
960739,0.0,276.6.5.ND0002,"(6, 5)",PZA,EC99,RD1
960880,0.0,291.6.5.ND0002,"(6, 5)",PZA,EC99,RD1
961020,107.07148186013681,297.6.5.ND0002,"(6, 5)",PZA,EC99,RD1
961574,0.0,776.6.5.ND0002,"(6, 5)",PZA,EC99,RD1
961687,0.0,775.6.5.ND0002,"(6, 5)",PZA,EC99,RD1
961795,0.0,850.6.5.ND0002,"(6, 5)",PZA,EC99,RD1
961984,0.0,1036.6.5.ND0002,"(6, 5)",PZA,EC99,RD1
962071,5.609463983906145,1158.6.5.ND0002,"(6, 5)",PZA,EC99,RD1
962157,0.0,1168.6.5.ND0002,"(6, 5)",PZA,EC99,RD1
962240,0.0,1203.6.5.ND0002,"(6, 5)",PZA,EC99,RD1
962317,0.0,1265.6.5.ND0002,"(6, 5)",PZA,EC99,RD1
962459,0.0,1342.6.5.ND0002,"(6, 5)",PZA,EC99,RD1
962609,0.0,105.6.6.ND0002,"(6, 6)",PZA,EC99,RD1
962956,23.108308792114258,91.6.6.ND0002,"(6, 6)",PZA,EC99,RD1
963182,5.520070135557043,96.6.6.ND0002,"(6, 6)",PZA,EC99,RD1
963839,0.0,127.6.6.ND0002,"(6, 6)",PZA,EC99,RD1
963989,0.0,133.6.6.ND0002,"(6, 6)",PZA,EC99,RD1
964220,0.0,139.6.6.ND0002,"(6, 6)",PZA,EC99,RD1
964491,0.0,35.6.6.ND0002,"(6, 6)",PZA,EC99,RD1
964812,4.693177038327851,72.6.6.ND0002,"(6, 6)",PZA,EC99,RD1
964961,0.0,167.6.6.ND0002,"(6, 6)",PZA,EC99,RD1
965109,0.4246207796582341,218.6.6.ND0002,"(6, 6)",PZA,EC99,RD1
965253,47.31169509887695,328.6.6.ND0002,"(6, 6)",PZA,EC99,RD1
965511,0.0,434.6.6.ND0002,"(6, 6)",PZA,EC99,RD1
965723,5.609463983906145,452.6.6.ND0002,"(6, 6)",PZA,EC99,RD1
965939,0.0,583.6.6.ND0002,"(6, 6)",PZA,EC99,RD1
966069,0.0,623.6.6.ND0002,"(6, 6)",PZA,EC99,RD1
966192,11.442412588685045,746.6.6.ND0002,"(6, 6)",PZA,EC99,RD1
966432,0.0,807.6.6.ND0002,"(6, 6)",PZA,EC99,RD1
966547,0.0,890.6.6.ND0002,"(6, 6)",PZA,EC99,RD1
966831,0.0,1164.6.6.ND0002,"(6, 6)",PZA,EC99,RD1
966928,6.369311694873511,1182.6.6.ND0002,"(6, 6)",PZA,EC99,RD1
967022,0.0,1233.6.6.ND0002,"(6, 6)",PZA,EC99,RD1
967112,1.4303015735856306,1270.6.6.ND0002,"(6, 6)",PZA,EC99,RD1
967200,0.0,1296.6.6.ND0002,"(6, 6)",PZA,EC99,RD1
967287,0.0,1328.6.6.ND0002,"(6, 6)",PZA,EC99,RD1
967440,0.0,1439.6.6.ND0002,"(6, 6)",PZA,EC99,RD1
967516,0.0,1438.6.6.ND0002,"(6, 6)",PZA,EC99,RD1
967586,4.849616272938778,1505.6.6.ND0002,"(6, 6)",PZA,EC99,RD1
967656,0.0,1499.6.6.ND0002,"(6, 6)",PZA,EC99,RD1
967726,0.0,1496.6.6.ND0002,"(6, 6)",PZA,EC99,RD1
968031,0.0,62.6.7.ND0002,"(6, 7)",RIF,EC99,RD1
968181,0.983332331840121,60.6.7.ND0002,"(6, 7)",RIF,EC99,RD1
968331,0.0,97.6.7.ND0002,"(6, 7)",RIF,EC99,RD1
968878,0.0,16.6.7.ND0002,"(6, 7)",RIF,EC99,RD1
969028,16.15793800354004,53.6.7.ND0002,"(6, 7)",RIF,EC99,RD1
969178,17.342405319213867,11.6.7.ND0002,"(6, 7)",RIF,EC99,RD1
969328,0.0,6.6.7.ND0002,"(6, 7)",RIF,EC99,RD1
969478,4.201510906219482,44.6.7.ND0002,"(6, 7)",RIF,EC99,RD1
969628,0.0,35.6.7.ND0002,"(6, 7)",RIF,EC99,RD1
969766,1.2738623389747024,315.6.7.ND0002,"(6, 7)",RIF,EC99,RD1
969899,6.682190164095368,412.6.7.ND0002,"(6, 7)",RIF,EC99,RD1
970098,0.0,496.6.7.ND0002,"(6, 7)",RIF,EC99,RD1
970225,0.0,515.6.7.ND0002,"(6, 7)",RIF,EC99,RD1
970346,0.0,601.6.7.ND0002,"(6, 7)",RIF,EC99,RD1
970462,0.0,681.6.7.ND0002,"(6, 7)",RIF,EC99,RD1
970566,0.0,855.6.7.ND0002,"(6, 7)",RIF,EC99,RD1
970664,1.966664663680242,923.6.7.ND0002,"(6, 7)",RIF,EC99,RD1
970832,0.0,1085.6.7.ND0002,"(6, 7)",RIF,EC99,RD1
970918,0.0,1111.6.7.ND0002,"(6, 7)",RIF,EC99,RD1
971140,0.0,69.6.8.ND0002,"(6, 8)",RIF,EC99,RD1
971363,0.0,103.6.8.ND0002,"(6, 8)",RIF,EC99,RD1
972137,0.0,36.6.8.ND0002,"(6, 8)",RIF,EC99,RD1
972814,0.0,428.6.8.ND0002,"(6, 8)",RIF,EC99,RD1
972944,0.0,541.6.8.ND0002,"(6, 8)",RIF,EC99,RD1
973073,6.1905239981753075,562.6.8.ND0002,"(6, 8)",RIF,EC99,RD1
973307,0.0,629.6.8.ND0002,"(6, 8)",RIF,EC99,RD1
973703,95.71846311980087,760.6.8.ND0002,"(6, 8)",RIF,EC99,RD1
973897,24.91853522731216,765.6.8.ND0002,"(6, 8)",RIF,EC99,RD1
974104,14.213621887507204,839.6.8.ND0002,"(6, 8)",RIF,EC99,RD1
974281,35.71284241546621,955.6.8.ND0002,"(6, 8)",RIF,EC99,RD1
974375,0.0,1150.6.8.ND0002,"(6, 8)",RIF,EC99,RD1
974538,0.0,1206.6.8.ND0002,"(6, 8)",RIF,EC99,RD1
974611,0.6257569384437134,1468.6.8.ND0002,"(6, 8)",RIF,EC99,RD1
974869,0.0,63.6.9.ND0002,"(6, 9)",INH,EC99,RD1
975244,0.0,87.6.9.ND0002,"(6, 9)",INH,EC99,RD1
975394,0.0,85.6.9.ND0002,"(6, 9)",INH,EC99,RD1
975544,93.39422306272422,84.6.9.ND0002,"(6, 9)",INH,EC99,RD1
975941,15.487483978271484,78.6.9.ND0002,"(6, 9)",INH,EC99,RD1
976577,0.0,7.6.9.ND0002,"(6, 9)",INH,EC99,RD1
976893,0.0,27.6.9.ND0002,"(6, 9)",INH,EC99,RD1
977043,0.0,44.6.9.ND0002,"(6, 9)",INH,EC99,RD1
977193,26.840502966817848,37.6.9.ND0002,"(6, 9)",INH,EC99,RD1
977515,0.0,215.6.9.ND0002,"(6, 9)",INH,EC99,RD1
977653,0.0,336.6.9.ND0002,"(6, 9)",INH,EC99,RD1
977963,4.782570886676952,530.6.9.ND0002,"(6, 9)",INH,EC99,RD1
978085,0.0,545.6.9.ND0002,"(6, 9)",INH,EC99,RD1
978206,0.0,573.6.9.ND0002,"(6, 9)",INH,EC99,RD1
978405,0.0,782.6.9.ND0002,"(6, 9)",INH,EC99,RD1
978504,0.0,817.6.9.ND0002,"(6, 9)",INH,EC99,RD1
978584,3.128784692218567,1045.6.9.ND0002,"(6, 9)",INH,EC99,RD1
978729,0.0,1099.6.9.ND0002,"(6, 9)",INH,EC99,RD1
978804,0.0,1106.6.9.ND0002,"(6, 9)",INH,EC99,RD1
978874,0.0,1153.6.9.ND0002,"(6, 9)",INH,EC99,RD1
979169,0.0,97.6.10.ND0002,"(6, 10)",INH,EC99,RD1
979319,0.0,93.6.10.ND0002,"(6, 10)",INH,EC99,RD1
979469,5.743554592132568,26.6.10.ND0002,"(6, 10)",INH,EC99,RD1
980664,81.16961430098453,934.6.10.ND0002,"(6, 10)",INH,EC99,RD1
980766,7.084462481666327,1036.6.10.ND0002,"(6, 10)",INH,EC99,RD1
980863,0.0,1096.6.10.ND0002,"(6, 10)",INH,EC99,RD1
981042,0.0,1196.6.10.ND0002,"(6, 10)",INH,EC99,RD1
981131,35.757539339640765,1221.6.10.ND0002,"(6, 10)",INH,EC99,RD1
981218,0.0,1249.6.10.ND0002,"(6, 10)",INH,EC99,RD1
981290,16.783695027543885,1444.6.10.ND0002,"(6, 10)",INH,EC99,RD1
981362,0.0,1448.6.10.ND0002,"(6, 10)",INH,EC99,RD1
981433,0.0,1465.6.10.ND0002,"(6, 10)",INH,EC99,RD1
981503,0.0,1475.6.10.ND0002,"(6, 10)",INH,EC99,RD1
981773,1.7431800428074873,69.6.11.ND0002,"(6, 11)",BDQ,EC99,RD1
981923,0.0,18.6.11.ND0002,"(6, 11)",BDQ,EC99,RD1
982073,0.0,17.6.11.ND0002,"(6, 11)",BDQ,EC99,RD1
982713,0.0,194.6.11.ND0002,"(6, 11)",BDQ,EC99,RD1
982961,0.0,278.6.11.ND0002,"(6, 11)",BDQ,EC99,RD1
983092,0.0,397.6.11.ND0002,"(6, 11)",BDQ,EC99,RD1
983222,0.0,419.6.11.ND0002,"(6, 11)",BDQ,EC99,RD1
983531,0.0,467.6.11.ND0002,"(6, 11)",BDQ,EC99,RD1
983860,0.9162869455782946,494.6.11.ND0002,"(6, 11)",BDQ,EC99,RD1
984079,0.0,540.6.11.ND0002,"(6, 11)",BDQ,EC99,RD1
984202,0.0,534.6.11.ND0002,"(6, 11)",BDQ,EC99,RD1
984443,3.866283941098658,576.6.11.ND0002,"(6, 11)",BDQ,EC99,RD1
984562,0.514014628007336,607.6.11.ND0002,"(6, 11)",BDQ,EC99,RD1
984680,3.598102396051352,613.6.11.ND0002,"(6, 11)",BDQ,EC99,RD1
984886,1.2738623389747024,657.6.11.ND0002,"(6, 11)",BDQ,EC99,RD1
985156,1.1844684906256004,784.6.11.ND0002,"(6, 11)",BDQ,EC99,RD1
985257,0.0,833.6.11.ND0002,"(6, 11)",BDQ,EC99,RD1
985357,0.0,857.6.11.ND0002,"(6, 11)",BDQ,EC99,RD1
985548,0.5810600142691624,905.6.11.ND0002,"(6, 11)",BDQ,EC99,RD1
985776,0.0,1168.6.11.ND0002,"(6, 11)",BDQ,EC99,RD1
985854,0.0,1167.6.11.ND0002,"(6, 11)",BDQ,EC99,RD1
985924,9.900368704663038,1229.6.11.ND0002,"(6, 11)",BDQ,EC99,RD1
986074,0.0,78.6.12.ND0002,"(6, 12)",BDQ,EC99,RD1
986326,0.0,73.6.12.ND0002,"(6, 12)",BDQ,EC99,RD1
987059,0.0,21.6.12.ND0002,"(6, 12)",BDQ,EC99,RD1
987339,0.6257569193840027,7.6.12.ND0002,"(6, 12)",BDQ,EC99,RD1
987489,1.2291654148001512,51.6.12.ND0002,"(6, 12)",BDQ,EC99,RD1
987716,0.0,33.6.12.ND0002,"(6, 12)",BDQ,EC99,RD1
987936,0.0,243.6.12.ND0002,"(6, 12)",BDQ,EC99,RD1
988078,12.492790306786992,251.6.12.ND0002,"(6, 12)",BDQ,EC99,RD1
988322,0.0,278.6.12.ND0002,"(6, 12)",BDQ,EC99,RD1
988866,5.63181244599342,489.6.12.ND0002,"(6, 12)",BDQ,EC99,RD1
988984,0.4246207796582341,613.6.12.ND0002,"(6, 12)",BDQ,EC99,RD1
989101,0.0,644.6.12.ND0002,"(6, 12)",BDQ,EC99,RD1
989302,0.0,753.6.12.ND0002,"(6, 12)",BDQ,EC99,RD1
989567,3.0617393059567406,919.6.12.ND0002,"(6, 12)",BDQ,EC99,RD1
989661,0.0,929.6.12.ND0002,"(6, 12)",BDQ,EC99,RD1
